RMSE,MAE,R2_Score
0.3751049617868208,0.29510496492210725,0.85036308453839
