Fold,RMSE
1,0.37510496178682085
2,0.4069045129568387
3,0.38738976502449296
4,0.3808970058967849
5,0.40207073171157
