Accuracy,Precision,Recall,F1_Score
0.79375,0.7999249699879952,0.79375,0.7935123854459668
